model,sample,gt_mean_jsw_px,pred_mean_jsw_px,gt_median_jsw_px,pred_median_jsw_px,gt_min_jsw_px,pred_min_jsw_px,gt_max_jsw_px,pred_max_jsw_px,gt_std_jsw_px,pred_std_jsw_px,gt_valid_columns,pred_valid_columns,abs_error_px,percent_error
unet,9000099_dip2,3.3384615384615386,2.0,2.0,1.0,1.0,1.0,23.0,24.0,3.7551069761548557,3.3769081675298525,65,57,1.3384615384615386,40.092165898617516
unet,9002316_dip3,8.966666666666667,7.965116279069767,4.0,3.0,2.0,1.0,58.0,55.0,11.524322105876768,11.166236144630023,90,86,1.0015503875968994,11.169706924872484
unet,9002430_mcp2,16.37272727272727,15.7,9.0,8.0,3.0,3.0,68.0,67.0,16.601127612801754,16.068348333970672,110,110,0.672727272727272,4.108828428650745
unet,9002430_mcp3,17.974789915966387,17.764705882352942,9.0,8.0,4.0,4.0,77.0,79.0,18.539742542098402,18.800905521886612,119,119,0.21008403361344463,1.1687704534829317
unet,9002430_mcp4,10.641304347826088,10.173913043478262,7.0,7.0,2.0,2.0,49.0,53.0,9.661197065242968,9.434682427839196,92,92,0.46739130434782616,4.39223697650664
unet,9002430_mcp5,18.833333333333332,18.739583333333332,9.0,9.0,5.0,5.0,62.0,60.0,16.447939756158586,16.421685860259768,96,96,0.09375,0.497787610619469
unet,9003175_mcp3,16.741935483870968,16.182795698924732,9.0,9.0,4.0,4.0,78.0,76.0,16.947676102821895,16.42247753927992,93,93,0.5591397849462361,3.3397559409120072
unet,9003316_mcp3,18.904411764705884,16.44,12.0,10.0,6.0,2.0,80.0,80.0,17.584200242928056,18.82313470174402,136,125,2.4644117647058827,13.036172695449242
unet,9003380_dip3,8.26086956521739,7.942028985507246,5.0,5.0,4.0,4.0,43.0,43.0,8.033719108987892,7.523651707359438,69,69,0.31884057971014457,3.8596491228070136
unet,9004175_mcp4,18.291666666666668,17.333333333333332,11.0,10.5,6.0,5.0,65.0,63.0,15.33508821479536,14.851814329868553,96,96,0.9583333333333357,5.239179954441926
unet,9005413_pip3,10.132530120481928,9.626506024096386,2.0,3.0,1.0,1.0,53.0,50.0,13.667101546517742,12.644071750932719,83,83,0.5060240963855414,4.994054696789528
unet,9006140_mcp2,19.56756756756757,18.873873873873872,10.0,10.0,5.0,4.0,78.0,79.0,19.552480371499342,19.717882822735284,111,111,0.6936936936936959,3.545119705340711
unet,9006140_mcp4,15.494505494505495,14.494505494505495,7.0,6.0,4.0,3.0,74.0,76.0,18.121915350322535,18.135251099661456,91,91,1.0,6.453900709219858
unet,9006723_dip3,9.16,9.864864864864865,3.0,4.5,2.0,3.0,48.0,47.0,11.091185689546451,10.82580041897449,75,74,0.7048648648648648,7.695031275817301
unet,9006723_dip4,6.08955223880597,7.208955223880597,2.0,4.0,1.0,2.0,35.0,37.0,7.924515792512408,7.972971717805129,67,67,1.1194029850746272,18.382352941176478
unet,9008820_dip3,9.5375,9.25609756097561,5.0,4.0,2.0,1.0,54.0,55.0,11.78764581033889,12.271135053558694,80,82,0.2814024390243901,2.9504842885912463
unet,9008934_dip4,9.985714285714286,9.857142857142858,6.0,6.0,5.0,4.0,36.0,36.0,8.243599867503892,8.253632471802453,70,70,0.12857142857142811,1.287553648068665
unet,9008934_dip5,7.4576271186440675,6.9655172413793105,3.0,5.0,2.0,3.0,80.0,25.0,11.151228607385816,5.202670127597876,59,58,0.49210987726475697,6.598746081504696
unet,9008934_mcp2,16.26530612244898,17.163265306122447,11.0,11.0,1.0,3.0,71.0,72.0,17.281316453779695,16.322448469260163,98,98,0.8979591836734677,5.520702634880792
unet,9008934_mcp3,19.13888888888889,19.47222222222222,11.0,11.0,2.0,5.0,79.0,78.0,19.76128760112359,19.12747603595866,108,108,0.33333333333333215,1.7416545718432448
unet,9008934_mcp4,18.46067415730337,18.711111111111112,11.0,11.0,7.0,7.0,65.0,69.0,16.059619386100366,16.748628099336273,89,90,0.25043695380774267,1.356597010887955
unet,9008934_mcp5,19.78494623655914,19.93548387096774,10.0,11.0,6.0,6.0,65.0,65.0,16.54959926251381,16.505330811467438,93,93,0.15053763440860024,0.7608695652173816
unet,9008934_pip5,7.107692307692307,8.136363636363637,3.0,4.0,2.0,2.0,41.0,41.0,9.062387318213974,9.888601279337133,65,66,1.0286713286713294,14.472648563557666
unet,9009927_mcp3,14.797872340425531,14.627659574468085,9.0,9.0,5.0,5.0,66.0,67.0,13.849172175301666,13.80254682215306,94,94,0.17021276595744617,1.1502516175413329
unet,9009927_mcp4,12.469135802469136,17.285714285714285,8.0,9.0,4.0,4.0,57.0,68.0,11.300700753704062,18.017260170465306,81,91,4.816578483245149,38.62800565770861
unet,9009927_mcp5,16.7816091954023,17.06896551724138,9.0,9.0,5.0,6.0,58.0,59.0,13.587879392164453,13.631263173728787,87,87,0.28735632183908066,1.7123287671232885
unet,9010060_mcp3,13.878787878787879,13.871287128712872,7.0,8.0,4.0,2.0,73.0,80.0,15.478412942470259,16.333567068916235,99,101,0.0075007500750068345,0.054044705780616924
unet,9010370_dip2,7.357142857142857,7.482142857142857,5.0,5.0,2.0,3.0,34.0,32.0,7.465225504747642,6.774403166722963,56,56,0.125,1.6990291262135921
unet,9010370_dip3,5.0754716981132075,6.1454545454545455,4.0,4.0,1.0,3.0,25.0,29.0,4.588126828714395,5.577285693101918,53,55,1.069982847341338,21.08144643460629
unet,9011115_dip3,10.915492957746478,10.597222222222221,6.0,6.0,4.0,4.0,45.0,42.0,9.967194752580381,9.967530233243203,71,72,0.31827073552425666,2.915770609318997
unet,9011115_dip4,11.380281690140846,10.527777777777779,5.0,5.0,3.0,3.0,49.0,47.0,11.679241482681636,11.379772774315915,71,72,0.8525039123630673,7.491061606160616
unet,9011420_mcp4,15.526315789473685,15.68421052631579,10.0,10.0,7.0,7.0,55.0,55.0,12.418654987145374,12.385486547096576,76,76,0.15789473684210442,1.0169491525423675
unet,9011420_mcp5,19.30952380952381,19.228915662650603,12.0,12.0,5.0,6.0,61.0,58.0,15.75479986609991,15.01270570414115,84,83,0.08060814687320672,0.4174527951510089
unet,9011420_pip3,6.118421052631579,7.5131578947368425,3.0,5.0,1.0,2.0,50.0,53.0,9.13778607481213,9.015328205854725,76,76,1.3947368421052637,22.79569892473119
unet,9011420_pip4,8.055555555555555,7.71830985915493,5.0,5.0,1.0,2.0,47.0,43.0,9.466151524846728,8.309477193417827,72,71,0.3372456964006254,4.186498300145694
unet,9011918_dip2,6.173913043478261,6.173913043478261,5.0,5.0,3.0,3.0,33.0,40.0,5.10457743354406,6.0575896142333345,69,69,0.0,0.0
unet,9011918_dip4,9.397058823529411,8.676470588235293,6.0,5.0,4.0,4.0,38.0,35.0,8.585452308963166,7.411122754645821,68,68,0.7205882352941178,7.668231611893585
unet,9013634_dip3,7.774193548387097,7.338709677419355,4.0,4.0,2.0,2.0,39.0,39.0,8.797762462674006,8.44898075239981,62,62,0.435483870967742,5.601659751037345
unet,9018489_pip3,7.3478260869565215,6.102941176470588,4.0,2.5,2.0,1.0,41.0,38.0,8.885464578813448,8.417662987611847,69,68,1.2448849104859336,16.94222067525235
unet,9019907_pip5,5.068965517241379,5.87719298245614,2.0,4.0,1.0,1.0,27.0,31.0,6.426942397829455,6.116042108097436,58,57,0.8082274652147614,15.944623463420465
unet,9020404_mcp2,12.675438596491228,10.149532710280374,5.0,4.0,2.0,2.0,73.0,67.0,16.500130575791193,12.6119686059746,114,107,2.525905886210854,19.927562008860715
unet,9020404_mcp3,16.82882882882883,16.74774774774775,8.0,8.0,4.0,2.0,80.0,80.0,19.831212941634863,19.889092700293627,111,111,0.0810810810810807,0.4817987152034239
unet,9020714_mcp2,13.282828282828282,13.144329896907216,7.0,7.0,1.0,2.0,71.0,65.0,15.013152754740753,13.782545132309842,99,97,0.138498385921066,1.0426874681509912
unet,9020714_mcp3,11.775280898876405,12.444444444444445,5.0,5.0,2.0,3.0,54.0,59.0,13.433776656553974,14.182235453874533,89,90,0.6691635455680398,5.68278201865988
unet,9020856_mcp2,17.49473684210526,17.041666666666668,10.0,10.0,7.0,5.0,70.0,69.0,15.118391507460482,15.230805315397985,95,96,0.45307017543859374,2.589751303650205
unet,9021791_mcp3,14.507936507936508,14.071428571428571,7.0,6.5,3.0,2.0,76.0,74.0,16.696043648714458,16.82834842334792,126,126,0.43650793650793673,3.0087527352297605
unet,9022408_mcp4,14.279569892473118,14.397849462365592,7.0,8.0,3.0,2.0,75.0,75.0,17.340589212123376,17.085578264211595,93,93,0.1182795698924739,0.8283132530120536
unet,9022408_mcp5,13.283950617283951,13.781609195402298,10.0,10.0,6.0,6.0,58.0,58.0,10.855088774112243,10.512636388997375,81,87,0.49765857811834735,3.7463145750544733
unet,9023348_dip3,7.6,8.09375,4.0,5.0,1.0,1.0,47.0,42.0,10.94995609404615,9.733509692680231,65,64,0.49375000000000036,6.496710526315795
unet,9023348_mcp2,21.587628865979383,20.581632653061224,12.0,11.0,7.0,5.0,73.0,74.0,17.12161025361495,18.395276384246348,97,98,1.0059962129181592,4.6600588659532685
unet,9023348_mcp3,14.68131868131868,13.722222222222221,6.0,6.0,1.0,2.0,71.0,63.0,16.85548081265897,16.085209063524292,91,90,0.9590964590964592,6.5327677977378595
unet,9023348_pip3,6.875,7.012658227848101,3.0,4.0,1.0,2.0,44.0,40.0,9.25388431957089,7.930862118741124,80,79,0.13765822784810133,2.002301495972383
unet,9023348_pip4,5.267605633802817,5.450704225352113,4.0,4.0,1.0,1.0,43.0,42.0,6.282005929029566,7.674337577312164,71,71,0.18309859154929597,3.475935828877009
unet,9023407_mcp2,21.61111111111111,21.296296296296298,12.5,13.5,6.0,4.0,79.0,80.0,18.175499042174845,18.48034955340164,108,108,0.3148148148148131,1.4567266495286981
unet,9023407_mcp3,20.357798165137616,19.675925925925927,10.0,10.0,6.0,6.0,76.0,76.0,19.12658121341582,18.773419302056016,109,108,0.6818722392116889,3.3494400213643125
unet,9023407_pip4,10.272727272727273,10.076923076923077,4.0,4.0,1.0,2.0,49.0,52.0,13.699593665067498,12.710554095095116,77,78,0.19580419580419672,1.9060585432266937
unet,9024409_mcp2,17.54945054945055,16.47252747252747,9.0,8.0,8.0,5.0,71.0,73.0,14.476402728642235,15.262062899279144,91,91,1.0769230769230802,6.1365059486537445
unet,9024409_mcp3,16.152173913043477,15.362637362637363,7.5,7.0,4.0,4.0,61.0,60.0,15.682955842880968,15.15670270871479,92,91,0.7895365504061136,4.888113232662346
unet,9024409_mcp4,14.5,13.85897435897436,8.0,8.0,4.0,4.0,51.0,50.0,13.570093437314124,12.951313525082448,78,78,0.6410256410256405,4.420866489832004
unet,9024409_pip5,4.864406779661017,5.068965517241379,2.0,3.0,1.0,1.0,32.0,32.0,6.953739701378697,6.4296245103146195,59,58,0.2045587375803617,4.205214465937749
unet,9024900_dip3,7.615384615384615,8.666666666666666,5.0,5.0,3.0,4.0,33.0,80.0,6.84485726702297,10.927215583305767,65,66,1.051282051282051,13.804713804713803
unet,9024900_mcp2,20.81111111111111,18.967391304347824,15.0,12.0,9.0,6.0,70.0,70.0,15.64601081173689,16.111332149437228,90,92,1.8437198067632856,8.859304997794752
unet,9024900_mcp3,20.428571428571427,19.693877551020407,11.0,11.0,6.0,5.0,74.0,77.0,18.39365462903566,18.123954248939697,98,98,0.7346938775510203,3.596403596403596
unet,9024900_mcp4,19.710843373493976,17.903614457831324,11.0,9.0,7.0,4.0,75.0,74.0,16.57442515347785,16.847733720414976,83,83,1.8072289156626518,9.168704156479224
unet,9025191_dip3,8.783333333333333,7.813559322033898,4.0,4.0,3.0,2.0,39.0,37.0,9.891227875693133,9.274485825706279,60,59,0.9697740112994353,11.041070337374975
unet,9028904_mcp5,17.956043956043956,17.945054945054945,8.0,8.0,5.0,1.0,68.0,69.0,16.704222068063114,17.306139822225855,91,91,0.01098901098901095,0.061199510403916545
unet,9029415_dip4,8.73134328358209,9.08955223880597,5.0,5.0,4.0,4.0,36.0,36.0,8.331888194290439,8.151057697658304,67,67,0.35820895522387985,4.102564102564093
unet,9029415_mcp2,19.52,19.07,13.5,13.0,6.0,5.0,73.0,71.0,15.873550327510225,15.608494482172198,100,100,0.4499999999999993,2.3053278688524554
unet,9029415_mcp5,24.244897959183675,23.959183673469386,15.5,15.5,9.0,8.0,78.0,79.0,19.65729922305426,19.5943131938247,98,98,0.28571428571428825,1.1784511784511889
unet,9030418_dip3,10.948717948717949,10.924050632911392,7.0,6.0,3.0,4.0,50.0,46.0,11.316991350537446,10.77711141390939,78,79,0.0246673158065569,0.2252986689591848
unet,9030418_dip4,8.557142857142857,8.875,5.0,5.0,3.0,3.0,44.0,44.0,10.42063298637538,10.52106022857646,70,72,0.31785714285714306,3.7145242070116886
unet,9030925_dip3,8.152542372881356,8.147540983606557,4.0,4.0,3.0,3.0,40.0,42.0,8.825643606092637,9.385786368574403,59,61,0.005001389274799095,0.061347602331215514
unet,9030925_dip4,7.543859649122807,6.631578947368421,4.0,3.0,2.0,1.0,35.0,33.0,8.867583731967775,8.648357675846977,57,57,0.9122807017543861,12.093023255813955
unet,9034991_dip3,9.0,8.333333333333334,6.0,6.0,5.0,3.0,34.0,35.0,6.466481625689863,6.3730810144043835,65,66,0.6666666666666661,7.407407407407401
unet,9034991_dip4,7.903225806451613,8.6875,6.0,5.0,4.0,4.0,34.0,37.0,6.100527944946729,7.535074236528795,62,64,0.784274193548387,9.9234693877551
unet,9036287_mcp4,21.776785714285715,20.954954954954953,14.0,15.0,10.0,10.0,79.0,78.0,17.162412116843228,15.62706556430618,112,111,0.8218307593307621,3.7738845856927163
unet,9036287_mcp5,18.294642857142858,18.902654867256636,15.0,15.0,6.0,4.0,72.0,72.0,12.997690998828231,14.51941916106456,112,113,0.6080120101137787,3.323442905453549
unet,9042459_dip3,4.1875,4.104166666666667,3.0,3.0,2.0,2.0,19.0,20.0,2.9976118967160064,3.441411915511164,48,48,0.08333333333333304,1.990049751243774
unet,9043005_dip3,9.928571428571429,9.528571428571428,5.0,5.0,4.0,4.0,36.0,38.0,9.112505423978678,9.43658750150018,70,70,0.40000000000000036,4.02877697841727
unet,9043005_mcp4,10.432098765432098,11.486842105263158,6.0,6.0,1.0,1.0,49.0,54.0,11.585365685394633,12.660021432022925,81,76,1.0547433398310595,10.1105574587356
unet,9043005_pip3,8.83529411764706,9.1125,3.0,4.0,1.0,1.0,48.0,51.0,12.661053816212307,12.383450397607286,85,80,0.2772058823529413,3.1374833555259665
unet,9043446_mcp2,21.5,20.11578947368421,14.5,14.0,8.0,5.0,66.0,69.0,15.207605879813716,16.13617260945093,94,95,1.3842105263157904,6.438188494492049
unet,9043446_mcp4,16.436781609195403,14.977011494252874,9.0,9.0,7.0,4.0,61.0,60.0,13.67664436681065,14.393466758279846,87,87,1.459770114942529,8.881118881118882
unet,9043446_pip3,10.666666666666666,11.30952380952381,5.0,7.0,2.0,4.0,53.0,51.0,12.92131252854436,10.773618782841934,84,84,0.6428571428571441,6.026785714285726
unet,9043507_pip5,5.030769230769231,5.222222222222222,2.0,2.0,1.0,1.0,38.0,38.0,8.375732768437876,8.56616534468732,65,63,0.19145299145299166,3.805640502888213
unet,9044005_dip3,8.233333333333333,7.616666666666666,6.0,5.0,4.0,3.0,29.0,28.0,6.064560073813177,5.819769945815919,60,60,0.6166666666666663,7.489878542510117
unet,9044005_dip4,7.237288135593221,6.677966101694915,5.0,4.0,4.0,3.0,29.0,28.0,6.677406842279185,6.68273941080671,59,59,0.5593220338983054,7.728337236533961
unet,9044005_mcp4,16.0,14.939759036144578,9.0,8.0,6.0,5.0,66.0,64.0,13.817627483337821,13.920037908124502,82,83,1.0602409638554224,6.62650602409639
unet,9044005_mcp5,15.419753086419753,15.518072289156626,10.0,10.0,5.0,4.0,54.0,60.0,13.104390177125463,14.156918735768734,81,83,0.09831920273687267,0.6376185285577811
unet,9044005_pip5,7.433333333333334,6.783333333333333,4.0,4.0,3.0,2.0,32.0,30.0,7.267201815157071,6.933233172353446,60,60,0.6500000000000004,8.744394618834086
unet,9044788_mcp2,15.453488372093023,13.929411764705883,8.0,7.0,3.0,3.0,70.0,67.0,15.289194373002335,14.054338442834794,86,85,1.5240766073871406,9.8623467445669
unet,9046012_dip4,4.6,4.945454545454545,2.0,3.0,1.0,1.0,25.0,26.0,5.378746051907367,5.478613566548589,55,55,0.3454545454545457,7.509881422924907
unet,9047519_mcp2,13.188888888888888,13.202247191011235,9.0,10.0,5.0,6.0,47.0,44.0,9.4102715091831,8.778395050875398,90,89,0.013358302122346899,0.10128451482824102
unet,9047519_mcp3,12.555555555555555,12.11111111111111,7.0,7.0,5.0,5.0,56.0,54.0,11.767290928776646,11.357273190382788,81,81,0.44444444444444464,3.539823008849559
unet,9047519_mcp4,10.131578947368421,11.5,5.0,8.0,3.0,5.0,56.0,56.0,11.13120566750019,10.396735317548384,76,76,1.3684210526315788,13.506493506493506
unet,9047519_pip3,9.602941176470589,10.333333333333334,7.0,8.0,3.0,3.0,50.0,50.0,9.973700277822365,9.881422573561697,68,69,0.7303921568627452,7.605921388463502
unet,9047519_pip4,8.522388059701493,8.462686567164178,5.0,6.0,3.0,2.0,46.0,46.0,9.173873039015573,9.523464122983816,67,67,0.05970149253731449,0.7005253940455466
unet,9048898_dip3,8.5,8.15625,5.0,5.0,2.0,2.0,34.0,32.0,8.268917704270613,7.770575006876904,64,64,0.34375,4.044117647058823
unet,9048898_pip3,9.64,10.43421052631579,3.0,4.0,1.0,2.0,50.0,54.0,12.134402883262666,12.930314774444009,75,76,0.7942105263157888,8.238698405765444
unet,9048898_pip5,4.344827586206897,4.964912280701754,2.0,3.0,1.0,1.0,24.0,25.0,5.51971927115342,5.662944842619512,58,57,0.6200846944948575,14.271790587580051
unet,9048979_mcp5,8.781818181818181,10.24561403508772,7.0,7.0,3.0,3.0,27.0,39.0,6.192931187589191,7.6394192434599955,55,57,1.4637958532695379,16.66848280120592
unet,9049507_mcp4,17.573170731707318,17.109756097560975,10.0,10.0,6.0,5.0,68.0,65.0,15.996211813597768,15.882192895190002,82,82,0.46341463414634276,2.637057598889667
unet,9049999_dip3,9.675675675675675,9.675675675675675,5.0,5.0,4.0,3.0,42.0,42.0,9.864087344405307,9.650806027265018,74,74,0.0,0.0
unet,9049999_mcp5,20.127659574468087,20.768421052631577,10.0,10.0,4.0,4.0,75.0,80.0,18.749884562795394,19.33007072798831,94,95,0.6407614781634905,3.183487259374635
unet,9049999_pip5,6.924242424242424,7.348484848484849,2.5,4.0,1.0,2.0,41.0,39.0,9.730163357905845,8.507558892559986,66,66,0.42424242424242475,6.126914660831517
unet,9050299_mcp4,15.402597402597403,15.051948051948052,7.0,6.0,3.0,3.0,62.0,59.0,16.373291317819245,16.43317526991807,77,77,0.3506493506493502,2.276559865092746
unet,9055038_mcp3,16.45631067961165,16.04854368932039,11.0,10.0,6.0,6.0,69.0,70.0,14.085575282859743,14.132094328590115,103,103,0.40776699029126107,2.4778761061946835
unet,9055038_mcp5,18.98876404494382,18.730337078651687,14.0,14.0,9.0,9.0,72.0,67.0,12.063962847920688,12.254569471021242,89,89,0.25842696629213435,1.3609467455621278
unet,9057976_mcp5,19.813953488372093,20.058139534883722,11.0,11.0,5.0,6.0,76.0,76.0,18.216726040256074,18.323548612317754,86,86,0.24418604651162923,1.2323943661971897
unet,9058469_mcp3,17.71578947368421,17.852631578947367,10.0,10.0,8.0,7.0,72.0,74.0,16.422489815650742,16.79847638520428,95,95,0.1368421052631561,0.77243018419488
unet,9058960_pip5,6.316666666666666,6.633333333333334,3.0,3.0,2.0,2.0,33.0,33.0,7.531028408450528,7.617888304656496,60,60,0.3166666666666673,5.013192612137214
unet,9061936_dip3,6.147058823529412,7.202898550724638,4.0,4.0,2.0,2.0,37.0,38.0,6.977410411847888,8.967864868186624,68,69,1.0558397271952256,17.176340059635248
unet,9061936_mcp2,18.632653061224488,18.8989898989899,11.5,11.0,7.0,5.0,73.0,78.0,15.855461786762007,17.272325590461996,98,99,0.2663368377654116,1.429409096440873
unet,9061936_mcp3,18.1,17.63,8.5,8.0,5.0,4.0,78.0,79.0,20.213609276920337,20.325183886007032,100,100,0.4700000000000024,2.5966850828729413
unet,9061936_mcp4,15.976190476190476,14.867469879518072,9.0,9.0,5.0,5.0,80.0,73.0,16.74314087738347,14.751574214003787,84,83,1.1087205966724039,6.93983085845618
unet,9061936_mcp5,18.63953488372093,17.186046511627907,10.0,8.0,6.0,5.0,71.0,68.0,16.594978780158154,16.791132507414666,86,86,1.4534883720930232,7.797878976918278
unet,9063928_dip5,7.148148148148148,7.218181818181818,6.0,6.0,4.0,4.0,21.0,27.0,3.7634076727595507,4.450499089850522,54,55,0.07003367003366989,0.9797456429580763
unet,9063928_pip3,9.85897435897436,10.556962025316455,6.0,7.0,4.0,5.0,44.0,45.0,9.016685898326843,8.929749504535264,78,79,0.6979876663420956,7.079718852364558
unet,9065433_dip3,7.476923076923077,6.938461538461539,5.0,4.0,2.0,1.0,43.0,40.0,9.043667894946323,8.517632251488534,65,65,0.5384615384615383,7.201646090534977
unet,9065433_dip4,5.790322580645161,5.467741935483871,4.0,3.0,1.0,1.0,34.0,34.0,6.655429742490868,6.462591465467374,62,62,0.32258064516129004,5.571030640668519
unet,9065433_dip5,4.24,5.0,3.0,4.0,3.0,3.0,20.0,25.0,3.010382035556285,3.566510900025402,50,50,0.7599999999999998,17.924528301886784
unet,9065433_mcp3,17.836734693877553,15.855670103092784,9.0,8.0,7.0,4.0,65.0,64.0,16.608759600289986,16.71963454116558,98,97,1.9810645907847686,11.106655028427191
unet,9065433_mcp4,18.50537634408602,18.344086021505376,9.0,9.0,5.0,5.0,67.0,68.0,18.836377328984216,18.636012439588953,93,93,0.16129032258064413,0.8715862870424116
unet,9065433_mcp5,16.593023255813954,15.493827160493828,9.0,9.0,6.0,6.0,55.0,56.0,13.447034692552666,13.383353818341522,86,81,1.099196095320126,6.624447385951705
unet,9065820_dip4,6.177215189873418,5.055555555555555,2.0,2.0,1.0,1.0,39.0,38.0,8.3949344184694,8.04654668663812,79,72,1.1216596343178624,18.158014571949003
unet,9065820_pip4,9.2,11.901639344262295,3.0,4.0,1.0,1.0,56.0,53.0,13.860659967578819,14.762274601527745,95,61,2.7016393442622952,29.3656450463293
unet,9066425_mcp2,21.45977011494253,21.320987654320987,15.0,16.0,10.0,9.0,64.0,64.0,14.00722686847236,13.907833444620493,87,81,0.13878246062154176,0.6467099129123799
unet,9066425_mcp3,15.870967741935484,15.228260869565217,10.0,10.0,5.0,5.0,71.0,67.0,14.177997345919307,13.502900864556253,93,92,0.6427068723702671,4.049575821845179
unet,9066425_mcp5,21.646341463414632,21.604938271604937,12.0,12.0,10.0,10.0,67.0,60.0,15.036031481500396,14.292084498671887,82,81,0.04140319180969598,0.19127108328986314
unet,9066677_dip4,9.272727272727273,8.8125,4.0,4.0,3.0,3.0,39.0,37.0,9.638221661925384,9.195574682965715,66,64,0.4602272727272734,4.963235294117654
unet,9066677_dip5,5.846153846153846,5.711538461538462,3.0,3.0,1.0,1.0,29.0,28.0,6.377196802142335,6.258337633975048,52,52,0.13461538461538414,2.30263157894736
unet,9066677_mcp2,22.0,22.686274509803923,15.0,15.0,11.0,11.0,73.0,79.0,14.884372827077584,15.646198806774603,101,102,0.6862745098039227,3.1194295900178304
unet,9066677_mcp3,20.0,19.689320388349515,13.0,13.0,8.0,8.0,74.0,76.0,16.2886582734587,16.237933011013652,103,103,0.3106796116504853,1.5533980582524265
unet,9067425_dip4,8.869565217391305,8.985915492957746,6.0,5.0,3.0,3.0,33.0,44.0,8.251329350041008,9.113514122161133,69,71,0.1163502755664414,1.3117923225628196
unet,9067425_mcp4,20.73,20.297029702970296,13.0,13.0,8.0,8.0,77.0,80.0,17.86048991489315,18.017342885194868,100,101,0.4329702970297049,2.088616965893415
unet,9067425_pip3,8.3125,7.666666666666667,4.0,4.0,3.0,3.0,47.0,44.0,10.89907536215802,9.117883661746063,80,81,0.645833333333333,7.76942355889724
unet,9067913_mcp5,18.348837209302324,18.38372093023256,12.0,12.0,6.0,6.0,74.0,74.0,15.442140653103875,15.735582995275069,86,86,0.034883720930235285,0.1901140684410795
unet,9067913_pip3,8.390243902439025,8.261904761904763,6.0,7.0,2.0,1.0,41.0,46.0,7.747156988465268,6.602883655067556,82,84,0.128339140534262,1.5296234772978898
unet,9067913_pip5,5.954545454545454,6.507462686567164,5.0,4.0,2.0,2.0,29.0,37.0,5.214873304431012,6.6408350812955685,66,67,0.5529172320217102,9.285632904181393
unet,9068197_dip4,5.366666666666666,5.233333333333333,3.0,3.0,1.0,2.0,30.0,31.0,7.280033577456143,6.409281464321011,60,60,0.13333333333333286,2.4844720496894324
unet,9068453_dip4,7.963636363636364,8.072727272727272,5.0,5.0,4.0,4.0,31.0,30.0,6.550402170480933,6.347095385663489,55,55,0.10909090909090846,1.3698630136986223
unet,9068453_pip4,7.064516129032258,7.951612903225806,3.0,3.0,1.0,2.0,40.0,41.0,9.177235102181244,9.913216039068898,62,62,0.887096774193548,12.557077625570773
unet,9068894_pip3,11.025974025974026,12.611940298507463,5.0,6.0,1.0,1.0,49.0,49.0,13.575162600709023,13.786165706677044,77,67,1.5859662725334367,14.383910834519979
unet,9071669_dip4,8.423728813559322,8.254237288135593,5.0,5.0,4.0,4.0,32.0,32.0,7.431502778952354,7.019568822382819,59,59,0.16949152542372836,2.012072434607641
unet,9072956_dip4,7.370967741935484,7.126984126984127,5.0,5.0,3.0,3.0,31.0,39.0,6.27651503614541,6.832443759732442,62,63,0.24398361495135656,3.3100621722065875
unet,9072956_dip5,7.122448979591836,7.42,5.0,5.0,4.0,4.0,29.0,30.0,5.278499528067146,5.550099098214373,49,50,0.2975510204081635,4.177650429799431
unet,9072956_pip5,6.919354838709677,7.274193548387097,5.0,5.0,2.0,3.0,34.0,34.0,7.051191587921389,7.189080776716306,62,62,0.35483870967741993,5.128205128205137
unet,9073948_dip4,8.766666666666667,7.6440677966101696,5.0,6.0,4.0,3.0,35.0,30.0,7.996596498233205,6.403819601373,60,59,1.122598870056498,12.805310304826973
unet,9075939_mcp5,12.605633802816902,12.246153846153845,7.0,7.0,5.0,5.0,40.0,39.0,9.537884244731618,9.303482837056684,71,65,0.35947995666305665,2.851740438332628
unet,9079361_pip3,10.0625,9.35,6.0,5.0,3.0,2.0,43.0,41.0,10.560946631339446,10.057459917891793,80,80,0.7125000000000004,7.080745341614911
unet,9084244_mcp2,18.314285714285713,17.21904761904762,11.0,10.0,5.0,4.0,71.0,68.0,16.49837757432633,16.60176752057612,105,105,1.095238095238095,5.980239209568381
unet,9086407_pip3,11.058823529411764,11.011764705882353,5.0,5.0,2.0,3.0,55.0,54.0,13.868587392484345,13.551204954148636,85,85,0.0470588235294116,0.4255319148936155
unet,9087632_mcp2,21.774509803921568,20.980582524271846,12.0,11.0,8.0,6.0,78.0,78.0,18.429998384318495,18.603674646162705,102,103,0.7939272796497221,3.646131585964505
unet,9088345_dip5,5.4423076923076925,4.76,3.0,3.0,2.0,1.0,20.0,18.0,4.801496007009216,4.174014853830782,52,50,0.6823076923076927,12.53710247349824
unet,9088414_dip5,7.551724137931035,6.655172413793103,5.0,4.0,4.0,3.0,33.0,30.0,5.733063253508346,5.197982778951223,58,58,0.8965517241379315,11.872146118721467
unet,9088841_dip4,6.26530612244898,5.938775510204081,4.0,4.0,3.0,3.0,27.0,27.0,5.374829888923042,5.919211762420724,49,49,0.3265306122448983,5.211726384364827
unet,9088841_pip3,7.155172413793103,5.396551724137931,5.0,3.0,3.0,2.0,29.0,27.0,6.4240972105248755,5.54896590295455,58,58,1.7586206896551726,24.578313253012052
unet,9088841_pip4,6.684210526315789,7.137931034482759,3.0,3.0,1.0,1.0,39.0,39.0,8.871713168952764,9.244659736865179,57,58,0.4537205081669695,6.7879446103719845
unet,9091337_dip5,7.144927536231884,6.220588235294118,5.0,4.0,3.0,2.0,37.0,36.0,7.667502214681148,6.883154176588313,69,68,0.9243393009377661,12.937000357952508
unet,9093244_pip4,7.164383561643835,6.638888888888889,5.0,4.0,3.0,3.0,46.0,43.0,8.841083579888785,8.127979036013599,73,72,0.5254946727549461,7.334820480135959
unet,9096851_pip4,8.338461538461539,7.409090909090909,5.0,4.0,3.0,1.0,35.0,32.0,7.979352052115363,7.583829033536908,65,66,0.9293706293706299,11.145588728614564
unet,9099360_pip3,9.215686274509803,8.16,3.0,2.5,1.0,1.0,61.0,61.0,14.583517052723135,13.463818180590527,102,100,1.055686274509803,11.455319148936162
unet,9101076_pip3,7.564102564102564,8.423076923076923,4.0,4.0,1.0,3.0,43.0,46.0,9.933870761046418,10.410201149278617,78,78,0.8589743589743595,11.355932203389838
unet,9101076_pip5,4.43859649122807,5.684210526315789,2.0,3.0,1.0,1.0,35.0,39.0,6.614756347662026,8.098425003334045,57,57,1.2456140350877192,28.063241106719367
unet,9113529_pip4,10.949367088607595,10.873417721518987,6.0,6.0,3.0,3.0,44.0,51.0,10.384870609406104,10.453473880355798,79,79,0.075949367088608,0.6936416184971136
unet,9113529_pip5,5.311475409836065,6.129032258064516,3.0,4.0,1.0,2.0,28.0,30.0,6.507350153471622,6.5561689023681184,61,62,0.8175568482284508,15.392273994424539
unet,9119057_pip3,8.617283950617283,8.0,5.0,5.0,4.0,3.0,46.0,46.0,9.898956050750032,9.15706567912734,81,81,0.6172839506172831,7.163323782234948
unet,9119527_pip4,5.2075471698113205,5.121951219512195,2.0,2.0,1.0,1.0,30.0,24.0,6.502128796731456,6.113540038512753,53,41,0.08559595029912526,1.6436903499469704
unet,9127864_pip3,12.191919191919192,12.626262626262626,7.0,7.0,2.0,3.0,57.0,58.0,13.452255090644583,13.28824638891993,99,99,0.43434343434343425,3.56255178127589
unet,9130641_pip4,9.014285714285714,9.16,4.0,5.0,2.0,2.0,60.0,40.0,12.865782811276537,10.092954638426418,70,75,0.1457142857142859,1.6164817749603826
unet,9148828_mcp5,20.304761904761904,20.495238095238093,13.0,12.0,4.0,4.0,78.0,78.0,19.66244852723505,19.827889837789122,105,105,0.1904761904761898,0.9380863039399593
unet,9150876_pip3,11.4,11.36,5.0,6.0,4.0,4.0,50.0,50.0,12.063167080000177,11.953956109450404,75,75,0.040000000000000924,0.3508771929824642
unet,9152688_pip5,5.6440677966101696,5.377049180327869,4.0,3.0,2.0,2.0,36.0,43.0,7.1325529978115165,7.140656934526241,59,61,0.26701861628230095,4.730960468665392
unet,9162906_pip4,9.04109589041096,8.89041095890411,5.0,5.0,2.0,2.0,45.0,44.0,10.810241663645707,10.178626066333122,73,73,0.15068493150685036,1.666666666666678
unet,9163391_pip5,2.813953488372093,4.054054054054054,2.0,3.0,1.0,1.0,14.0,21.0,2.704482187926815,4.04665992364304,43,37,1.2401005656819613,44.06968952423498
unet,9170920_pip5,7.8,6.545454545454546,3.0,3.0,1.0,1.0,39.0,30.0,9.956237575844938,7.160036012652404,60,55,1.254545454545454,16.083916083916076
unet,9171714_pip4,9.901408450704226,9.225352112676056,4.0,4.0,2.0,2.0,44.0,45.0,11.397003472716488,9.8955064252027,71,71,0.6760563380281699,6.827880512091047
unet,9174582_pip4,9.626666666666667,10.35135135135135,5.0,5.5,2.0,2.0,42.0,42.0,9.849227832113993,10.60778963198989,75,74,0.7246846846846839,7.527887998802118
unet,9174582_pip5,6.7846153846153845,7.892307692307693,3.0,4.0,1.0,1.0,45.0,42.0,9.642043045062609,9.084429751246109,65,65,1.1076923076923082,16.326530612244905
unet,9184790_pip4,8.518518518518519,8.074074074074074,5.0,5.0,4.0,4.0,48.0,51.0,8.823525108258991,8.573254100460119,81,81,0.44444444444444464,5.217391304347828
unet,9193863_dip5,5.08,5.041666666666667,3.0,4.0,2.0,2.0,25.0,24.0,5.11014676892944,4.334735350117185,50,48,0.03833333333333311,0.7545931758530139
unet,9193863_pip5,8.75438596491228,9.568965517241379,4.0,5.0,2.0,2.0,47.0,48.0,10.413015980778257,10.481695159305294,57,58,0.8145795523290982,9.30481652961094
unet,9206908_dip5,4.217391304347826,4.5476190476190474,3.0,3.0,1.0,1.0,25.0,23.0,4.95594962373185,4.92419865828988,46,42,0.3302277432712213,7.830142366224835
unet,9206908_pip5,3.326923076923077,3.588235294117647,2.0,2.0,1.0,1.0,21.0,22.0,4.232298674598228,4.572623010870089,52,51,0.2613122171945701,7.854471268276095
unet,9207016_pip5,6.423728813559322,6.766666666666667,3.0,3.0,1.0,1.0,38.0,44.0,9.156276702082675,9.432862179046658,59,60,0.3429378531073448,5.338610378188218
unet,9223040_dip5,5.142857142857143,5.25,4.0,4.0,3.0,3.0,18.0,18.0,3.768830273792263,3.881043674065006,49,48,0.10714285714285676,2.083333333333326
unet,9224866_dip5,3.5686274509803924,3.78,2.0,2.0,1.0,1.0,25.0,24.0,4.486384202690225,4.25342215163273,51,50,0.21137254901960745,5.923076923076912
unet,9225871_pip4,9.338028169014084,9.774647887323944,4.0,4.0,1.0,2.0,43.0,43.0,10.72044730774233,11.097769326803755,71,71,0.4366197183098599,4.675716440422331
unet,9228372_dip5,3.891304347826087,4.3478260869565215,2.0,2.0,1.0,1.0,23.0,26.0,4.904426841793324,5.949853455646391,46,46,0.4565217391304346,11.731843575418988
unet,9234073_dip5,2.979591836734694,3.7346938775510203,1.0,2.0,1.0,1.0,20.0,20.0,4.098231554490189,4.429840878904286,49,49,0.7551020408163263,25.342465753424648
unet,9243198_dip5,4.741935483870968,5.226415094339623,2.0,2.0,1.0,1.0,30.0,30.0,6.688785713297916,6.700159134787044,62,53,0.4844796104686546,10.216916955461423
unet,9249027_dip5,4.04,4.510204081632653,4.0,4.0,1.0,2.0,14.0,13.0,1.8650469162999626,1.6303555262654081,50,49,0.47020408163265337,11.63871489189736
unet,9249027_pip4,6.096774193548387,6.306451612903226,4.0,4.0,2.0,2.0,36.0,36.0,5.8989055229225595,5.884886902954204,62,62,0.20967741935483897,3.439153439153443
unet,9255353_pip4,9.555555555555555,8.902777777777779,3.0,3.0,1.0,1.0,45.0,46.0,12.460926585050755,11.154420800519484,72,72,0.6527777777777768,6.8313953488372
unet,9255567_dip5,5.415094339622642,4.9411764705882355,3.0,4.0,1.0,2.0,31.0,25.0,6.085658868111535,4.7544066853438665,53,51,0.47391786903440636,8.751793400286946
unet,9258563_dip5,5.411764705882353,5.647058823529412,4.0,4.0,2.0,2.0,18.0,23.0,3.4080439481438347,4.018699084265096,51,51,0.23529411764705888,4.347826086956522
unet,9260058_dip5,5.270833333333333,5.468085106382978,3.0,4.0,1.0,1.0,30.0,25.0,5.833593744187388,5.484411424538459,48,47,0.19725177304964525,3.7423261290051273
unet,9896392_pip2,9.96103896103896,8.881578947368421,5.0,4.0,1.0,1.0,58.0,57.0,13.011924160136017,12.04483630928422,77,76,1.0794600136705395,10.83682151924792
unet,9896710_pip2,4.315789473684211,4.482758620689655,3.0,2.0,1.0,1.0,28.0,32.0,5.0023078699590355,7.453861251889901,57,58,0.16696914700544419,3.868797308662731
unet,9896772_pip2,5.535211267605634,6.48,3.0,2.0,1.0,1.0,42.0,45.0,8.733666422569511,10.255873114139689,71,75,0.9447887323943664,17.06870229007634
unet,9897279_pip2,10.986842105263158,9.376623376623376,6.0,5.0,4.0,2.0,46.0,53.0,10.508760031332045,11.209966531501134,76,77,1.610218728639781,14.65588303911657
unet,9897397_pip2,5.594202898550725,5.909090909090909,4.0,2.0,2.0,1.0,37.0,38.0,6.557038127257644,9.142354435707421,69,44,0.31488801054018456,5.628827131417807
unet,9900971_pip2,6.131578947368421,5.684210526315789,2.0,3.0,1.0,1.0,49.0,50.0,10.279440524995765,9.444032544020631,76,76,0.44736842105263186,7.296137339055798
unet,9902576_pip2,8.256410256410257,8.873417721518987,3.0,3.0,1.0,1.0,49.0,56.0,11.692026537330406,13.006684832980927,78,79,0.6170074651087294,7.473071782372809
unet,9902757_pip2,6.161764705882353,4.142857142857143,3.0,2.0,1.0,1.0,41.0,41.0,9.293594084285164,7.8817795566478415,68,56,2.01890756302521,32.765086941697916
unet,9902772_pip2,8.54320987654321,8.8,3.0,3.0,1.0,1.0,55.0,50.0,13.79841588932285,13.86550784112532,81,65,0.2567901234567902,3.00578034682081
unet,9902900_pip2,5.162162162162162,7.140845070422535,3.0,4.0,2.0,2.0,39.0,37.0,7.086391654178178,8.460838993205966,74,71,1.9786829082603727,38.33050659980827
unet,9903020_pip2,8.782051282051283,8.746835443037975,4.0,4.0,2.0,2.0,48.0,48.0,10.836367349379747,11.297438215752443,78,79,0.035215839013307715,0.40099787489605865
unet,9903394_pip2,6.986486486486487,5.986301369863014,4.0,4.0,2.0,1.0,41.0,44.0,8.123195422457778,8.133295597667605,74,73,1.0001851166234728,14.315995866564213
unet,9903777_pip2,6.4,6.246753246753247,3.0,3.0,2.0,1.0,53.0,51.0,10.118794394590692,9.581036253577146,80,77,0.1532467532467532,2.3944805194805188
unet,9905276_pip2,3.8767123287671232,4.945205479452055,3.0,4.0,1.0,2.0,21.0,33.0,3.0383178722095106,4.745265588533839,73,73,1.0684931506849313,27.561837455830386
unet,9905383_pip2,5.213114754098361,5.340909090909091,4.0,2.0,1.0,1.0,30.0,34.0,5.657186794640464,7.292409446622569,61,44,0.12779433681073016,2.4514008004574026
unet,9905766_pip2,6.064516129032258,9.448275862068966,3.0,1.0,1.0,1.0,37.0,36.0,8.071996530702632,11.648845456766272,62,29,3.383759733036708,55.7960381511372
unet,9906008_pip2,4.916666666666667,3.8275862068965516,3.0,2.0,1.0,1.0,39.0,40.0,7.3404321701412405,7.112732466437923,72,58,1.0890804597701154,22.15078901227353
unet,9906491_pip2,6.7682926829268295,7.819672131147541,4.0,4.0,1.0,1.0,37.0,45.0,7.592195576408334,10.179549084543634,82,61,1.051379448220711,15.533894550287982
unet,9907012_pip2,8.89873417721519,8.64102564102564,3.0,3.5,1.0,1.0,51.0,48.0,12.97572703429672,11.944287722776554,79,78,0.2577085361895488,2.8960134223292116
unet,9907090_pip2,9.342105263157896,8.868421052631579,5.0,5.0,3.0,2.0,47.0,49.0,10.680223523655085,10.798808542055824,76,76,0.4736842105263168,5.070422535211279
unet,9907282_pip2,6.921052631578948,6.961038961038961,3.0,3.0,1.0,1.0,45.0,44.0,11.38993456602287,9.675838912508812,76,77,0.039986329460012904,0.5777492469507568
unet,9907544_pip2,9.13953488372093,9.845238095238095,2.0,2.0,1.0,1.0,58.0,60.0,15.176605919161481,16.03084381792609,86,84,0.7057032115171644,7.7214346298315695
unet,9907767_pip2,4.428571428571429,4.944444444444445,2.0,2.0,1.0,1.0,34.0,34.0,7.759457691969806,7.801748775154023,56,54,0.5158730158730158,11.648745519713259
unet,9907800_pip2,5.127272727272727,6.137254901960785,2.0,2.0,1.0,1.0,35.0,41.0,7.420008687705146,9.070572128534481,55,51,1.0099821746880577,19.69823390349049
unet,9907998_pip2,4.8076923076923075,5.742857142857143,2.0,3.0,1.0,1.0,40.0,35.0,6.808851125477425,7.933087516914231,78,70,0.9351648351648354,19.45142857142858
unet,9937943_dip2,3.484848484848485,3.466666666666667,2.0,1.0,1.0,1.0,19.0,34.0,3.738588391206144,5.7051633533921615,66,60,0.018181818181818077,0.5217391304347796
unet,9938327_dip2,4.698412698412699,5.369230769230769,3.0,4.0,1.0,2.0,27.0,30.0,4.692563927175889,5.255236892177118,63,65,0.6708180708180702,14.277546777546766
unet,9938453_dip2,4.887096774193548,6.8431372549019605,3.0,4.0,1.0,1.0,30.0,37.0,5.711066898545929,7.892345631648197,62,51,1.9560404807084124,40.02459069436355
unet,9941446_dip2,6.2075471698113205,5.851851851851852,4.0,3.0,3.0,3.0,30.0,38.0,6.183845327967691,7.212148720266195,53,54,0.3556953179594684,5.730046155578063
unet,9942319_dip2,3.639344262295082,4.155555555555556,2.0,2.0,1.0,1.0,21.0,21.0,3.979590500744344,4.5799347669083454,61,45,0.5162112932604739,14.184184184184193
unet,9942553_dip2,3.6825396825396823,4.333333333333333,2.0,2.0,1.0,1.0,33.0,33.0,5.811388372829153,6.403634588865328,63,51,0.6507936507936507,17.67241379310345
unet,9942724_dip2,4.935064935064935,5.721311475409836,3.0,3.0,1.0,1.0,33.0,40.0,6.641736712202991,7.773707572810624,77,61,0.7862465403449006,15.931837791199301
unet,9942867_dip2,4.044444444444444,3.7954545454545454,3.0,2.0,1.0,1.0,20.0,22.0,4.633000254481398,4.859758437012657,45,44,0.24898989898989887,6.156343656343654
unet,9942935_dip2,5.2388059701492535,5.287878787878788,3.0,3.0,1.0,1.0,31.0,32.0,6.667115897836803,6.6395626716039144,67,66,0.049072817729534535,0.9367176033842776
unet,9943317_dip2,6.016949152542373,5.813559322033898,5.0,5.0,2.0,3.0,23.0,21.0,3.9936030434434735,3.2284465292526696,59,59,0.20338983050847492,3.380281690140851
unet,9943818_dip2,5.815789473684211,6.065789473684211,4.0,4.0,1.0,2.0,36.0,37.0,7.018229133207677,6.70886202271959,76,76,0.25,4.298642533936651
unet,9945335_dip2,2.891304347826087,6.357142857142857,2.0,3.5,1.0,1.0,19.0,22.0,3.817740401983563,6.353931773287452,46,14,3.46583850931677,119.87110633727174
unet,9946473_dip2,4.981481481481482,4.7272727272727275,4.0,4.0,2.0,1.0,28.0,23.0,3.9510464658850815,4.087473304687007,54,55,0.25420875420875433,5.103075363298413
unet,9947497_dip2,4.9743589743589745,5.815789473684211,4.0,4.0,1.0,2.0,38.0,35.0,5.620416899799128,5.464503941264908,78,76,0.8414304993252362,16.915355398806295
unet,9948792_dip2,7.383561643835616,6.5479452054794525,5.0,4.0,1.0,1.0,36.0,36.0,8.158750470047567,8.330569379626965,73,73,0.8356164383561637,11.317254174397023
unet,9949194_dip2,4.512820512820513,5.950617283950617,3.0,2.0,1.0,1.0,51.0,77.0,6.170117377729847,13.71482142718068,78,81,1.4377967711301043,31.860269360269356
unet,9949467_dip2,5.5,5.9818181818181815,5.0,5.0,3.0,3.0,18.0,27.0,3.0291790844923523,4.218965444452894,54,55,0.4818181818181815,8.76033057851239
unet,9950320_dip2,7.803921568627451,10.580645161290322,2.0,2.0,1.0,1.0,79.0,78.0,17.51192267004659,21.25843163812418,51,31,2.7767235926628713,35.58113146377046
unet,9951122_dip2,3.4126984126984126,3.5396825396825395,2.0,3.0,1.0,1.0,20.0,21.0,3.444042109484471,3.495236653546983,63,63,0.12698412698412698,3.7209302325581395
unet,9951284_dip2,8.212121212121213,8.0,4.0,5.0,3.0,4.0,41.0,40.0,8.813755006729027,7.530451002940813,66,65,0.21212121212121282,2.583025830258311
unet,9951449_dip2,5.828125,5.609375,4.0,4.0,3.0,3.0,29.0,28.0,4.942022256564108,4.611863734909673,64,64,0.21875,3.753351206434316
unet,9951821_dip2,4.911111111111111,5.822222222222222,2.0,2.0,1.0,1.0,74.0,76.0,11.248352417077152,12.061488555432929,45,45,0.9111111111111105,18.55203619909501
unet,9952108_dip2,6.478260869565218,7.5,5.0,5.0,2.0,3.0,39.0,37.0,6.612699016269617,7.030037593884443,69,70,1.0217391304347823,15.771812080536908
unet,9952664_dip2,9.648936170212766,8.03191489361702,6.0,5.0,4.0,2.0,52.0,50.0,10.241454607881023,10.08733367092125,94,94,1.6170212765957448,16.758544652701215
unet,9953183_dip2,7.590163934426229,8.206349206349206,5.0,5.0,4.0,4.0,31.0,36.0,6.299562954344409,7.699018140159131,61,63,0.6161852719229763,8.118207686242238
unet,9953518_dip2,4.086206896551724,5.0701754385964914,2.0,3.0,1.0,1.0,30.0,33.0,6.092065169231148,6.299149619919627,58,57,0.9839685420447672,24.08024280109557
unet,9954184_dip2,6.17910447761194,5.641791044776119,5.0,4.0,3.0,3.0,28.0,27.0,4.638982689347903,4.721185951872539,67,67,0.5373134328358207,8.695652173913041
unet,9954735_dip2,3.8947368421052633,4.120689655172414,3.0,2.5,1.0,2.0,25.0,28.0,4.298854235463848,5.281971896042485,57,58,0.22595281306715043,5.801491146318726
unet,9955276_dip2,6.777777777777778,6.621212121212121,5.0,5.0,3.0,3.0,33.0,37.0,6.345713324868287,6.328782619102435,63,66,0.15656565656565657,2.309985096870343
unet,9973322_mcp5,15.240963855421686,15.012195121951219,9.0,9.5,4.0,4.0,57.0,53.0,12.575162325183626,12.276781478633662,83,82,0.2287687334704671,1.5010122433240136
unet,9976720_pip4,5.893939393939394,6.242424242424242,3.0,4.0,2.0,2.0,35.0,34.0,6.481041788400502,6.329489916880913,66,66,0.3484848484848486,5.9125964010282805
unet,9980752_dip5,3.6862745098039214,4.02,2.0,3.0,1.0,2.0,17.0,17.0,3.806548516821883,3.4726934791311486,51,50,0.3337254901960782,9.053191489361696
unet,9985321_mcp2,14.662921348314606,13.75,9.0,8.5,4.0,4.0,71.0,63.0,14.703010331698698,13.255573441866908,89,88,0.9129213483146064,6.226053639846741
unet,9985321_mcp4,14.419753086419753,14.11111111111111,8.0,8.0,4.0,4.0,68.0,66.0,15.404716447501478,14.765659191449078,81,81,0.30864197530864246,2.140410958904113
unet,9988305_pip5,6.492537313432836,6.393939393939394,3.0,3.0,1.0,1.0,47.0,46.0,9.222576345987218,9.229200674339896,67,66,0.0985979194934421,1.5186346220829012
